Date,Country/Region,Cases,Longitude,Latitude,Recovered,Deaths,Recovery_Rate,Death_Rate,Month,Season,Lockdown,Alcohol Sales,Infection Rate,Vaccination
20/03/06,South Africa,1,22.9375,-30.5595,0,0,0.0,0.0,3,Autumn,Level 1,Allowed,0.0,Non-Vaccination
20/03/07,South Africa,1,22.9375,-30.5595,0,0,0.0,0.0,3,Autumn,Level 1,Allowed,0.0,Non-Vaccination
20/03/08,South Africa,3,22.9375,-30.5595,0,0,0.0,0.0,3,Autumn,Level 1,Allowed,66.667,Non-Vaccination
20/03/09,South Africa,3,22.9375,-30.5595,0,0,0.0,0.0,3,Autumn,Level 1,Allowed,0.0,Non-Vaccination
20/03/10,South Africa,7,22.9375,-30.5595,0,0,0.0,0.0,3,Autumn,Level 1,Allowed,57.143,Non-Vaccination
20/03/11,South Africa,13,22.9375,-30.5595,0,0,0.0,0.0,3,Autumn,Level 1,Allowed,46.154,Non-Vaccination
20/03/12,South Africa,17,22.9375,-30.5595,0,0,0.0,0.0,3,Autumn,Level 1,Allowed,23.529,Non-Vaccination
20/03/13,South Africa,24,22.9375,-30.5595,0,0,0.0,0.0,3,Autumn,Level 1,Allowed,29.167,Non-Vaccination
20/03/14,South Africa,38,22.9375,-30.5595,0,0,0.0,0.0,3,Autumn,Level 1,Allowed,36.842,Non-Vaccination
20/03/15,South Africa,51,22.9375,-30.5595,0,0,0.0,0.0,3,Autumn,Level 1,Allowed,25.49,Non-Vaccination
20/03/16,South Africa,62,22.9375,-30.5595,0,0,0.0,0.0,3,Autumn,Level 1,Allowed,17.742,Non-Vaccination
20/03/17,South Africa,62,22.9375,-30.5595,0,0,0.0,0.0,3,Autumn,Level 1,Allowed,0.0,Non-Vaccination
20/03/18,South Africa,116,22.9375,-30.5595,0,0,0.0,0.0,3,Autumn,Level 1,Allowed,46.552,Non-Vaccination
20/03/19,South Africa,150,22.9375,-30.5595,0,0,0.0,0.0,3,Autumn,Level 1,Allowed,22.667,Non-Vaccination
20/03/20,South Africa,202,22.9375,-30.5595,0,0,0.0,0.0,3,Autumn,Level 1,Allowed,25.743,Non-Vaccination
20/03/21,South Africa,240,22.9375,-30.5595,0,0,0.0,0.0,3,Autumn,Level 1,Allowed,15.833,Non-Vaccination
20/03/22,South Africa,274,22.9375,-30.5595,0,0,0.0,0.0,3,Autumn,Level 1,Allowed,12.409,Non-Vaccination
20/03/23,South Africa,402,22.9375,-30.5595,0,0,0.0,0.0,3,Autumn,Level 1,Allowed,31.841,Non-Vaccination
20/03/24,South Africa,554,22.9375,-30.5595,4,0,0.722,0.0,3,Autumn,Level 1,Allowed,27.437,Non-Vaccination
20/03/25,South Africa,709,22.9375,-30.5595,12,0,1.6925,0.0,3,Autumn,Level 1,Allowed,21.862,Non-Vaccination
20/03/26,South Africa,927,22.9375,-30.5595,12,0,1.2945,0.0,3,Autumn,Level 1,Allowed,23.517,Non-Vaccination
20/03/27,South Africa,1170,22.9375,-30.5595,31,1,2.6496,0.0855,3,Autumn,Level 1,Banned,20.769,Non-Vaccination
20/03/28,South Africa,1187,22.9375,-30.5595,31,1,2.6116,0.0842,3,Autumn,Level 1,Banned,1.432,Non-Vaccination
20/03/29,South Africa,1280,22.9375,-30.5595,31,2,2.4219,0.1562,3,Autumn,Level 1,Banned,7.266,Non-Vaccination
20/03/30,South Africa,1326,22.9375,-30.5595,31,3,2.3379,0.2262,3,Autumn,Level 1,Banned,3.469,Non-Vaccination
20/03/31,South Africa,1353,22.9375,-30.5595,31,5,2.2912,0.3695,3,Autumn,Level 1,Banned,1.996,Non-Vaccination
20/04/01,South Africa,1380,22.9375,-30.5595,50,5,3.6232,0.3623,4,Autumn,Level 1,Banned,1.957,Non-Vaccination
20/04/02,South Africa,1462,22.9375,-30.5595,50,5,3.42,0.342,4,Autumn,Level 1,Banned,5.609,Non-Vaccination
20/04/03,South Africa,1505,22.9375,-30.5595,95,9,6.3123,0.598,4,Autumn,Level 1,Banned,2.857,Non-Vaccination
20/04/04,South Africa,1585,22.9375,-30.5595,95,9,5.9937,0.5678,4,Autumn,Level 1,Banned,5.047,Non-Vaccination
20/04/05,South Africa,1655,22.9375,-30.5595,95,11,5.7402,0.6647,4,Autumn,Level 1,Banned,4.23,Non-Vaccination
20/04/06,South Africa,1686,22.9375,-30.5595,95,12,5.6346,0.7117,4,Autumn,Level 1,Banned,1.839,Non-Vaccination
20/04/07,South Africa,1749,22.9375,-30.5595,95,13,5.4317,0.7433,4,Autumn,Level 1,Banned,3.602,Non-Vaccination
20/04/08,South Africa,1845,22.9375,-30.5595,95,18,5.1491,0.9756,4,Autumn,Level 1,Banned,5.2029999999999985,Non-Vaccination
20/04/09,South Africa,1934,22.9375,-30.5595,95,18,4.9121,0.9307,4,Autumn,Level 1,Banned,4.602,Non-Vaccination
20/04/10,South Africa,2003,22.9375,-30.5595,410,24,20.4693,1.1982,4,Autumn,Level 1,Banned,3.445,Non-Vaccination
20/04/11,South Africa,2028,22.9375,-30.5595,410,25,20.217,1.2327,4,Autumn,Level 1,Banned,1.233,Non-Vaccination
20/04/12,South Africa,2173,22.9375,-30.5595,410,25,18.8679,1.1505,4,Autumn,Level 1,Banned,6.672999999999999,Non-Vaccination
20/04/13,South Africa,2272,22.9375,-30.5595,410,27,18.0458,1.1884,4,Autumn,Level 1,Banned,4.357,Non-Vaccination
20/04/14,South Africa,2415,22.9375,-30.5595,410,27,16.9772,1.118,4,Autumn,Level 1,Banned,5.921,Non-Vaccination
20/04/15,South Africa,2506,22.9375,-30.5595,410,34,16.3607,1.3567,4,Autumn,Level 1,Banned,3.631,Non-Vaccination
20/04/16,South Africa,2605,22.9375,-30.5595,903,48,34.6641,1.8426,4,Autumn,Level 1,Banned,3.8,Non-Vaccination
20/04/17,South Africa,2783,22.9375,-30.5595,903,50,32.447,1.7966,4,Autumn,Level 1,Banned,6.396,Non-Vaccination
20/04/18,South Africa,3034,22.9375,-30.5595,903,52,29.7627,1.7139,4,Autumn,Level 1,Banned,8.273,Non-Vaccination
20/04/19,South Africa,3158,22.9375,-30.5595,903,54,28.594,1.7099,4,Autumn,Level 1,Banned,3.927,Non-Vaccination
20/04/20,South Africa,3300,22.9375,-30.5595,1055,58,31.9697,1.7576,4,Autumn,Level 1,Banned,4.303,Non-Vaccination
20/04/21,South Africa,3465,22.9375,-30.5595,1055,58,30.4473,1.6739,4,Autumn,Level 1,Banned,4.762,Non-Vaccination
20/04/22,South Africa,3635,22.9375,-30.5595,1055,65,29.0234,1.7882,4,Autumn,Level 1,Banned,4.677,Non-Vaccination
20/04/23,South Africa,3953,22.9375,-30.5595,1473,75,37.2628,1.8973,4,Autumn,Level 1,Banned,8.045,Non-Vaccination
20/04/24,South Africa,4220,22.9375,-30.5595,1473,79,34.9052,1.872,4,Autumn,Level 1,Banned,6.327000000000001,Non-Vaccination
20/04/25,South Africa,4361,22.9375,-30.5595,1473,86,33.7767,1.972,4,Autumn,Level 1,Banned,3.233,Non-Vaccination
20/04/26,South Africa,4546,22.9375,-30.5595,1473,87,32.4021,1.9138,4,Autumn,Level 1,Banned,4.07,Non-Vaccination
20/04/27,South Africa,4793,22.9375,-30.5595,1473,90,30.7323,1.8777,4,Autumn,Level 1,Banned,5.153,Non-Vaccination
20/04/28,South Africa,4996,22.9375,-30.5595,2073,93,41.4932,1.8615,4,Autumn,Level 1,Banned,4.063,Non-Vaccination
20/04/29,South Africa,5350,22.9375,-30.5595,2073,103,38.7477,1.9252,4,Autumn,Level 1,Banned,6.617000000000001,Non-Vaccination
20/04/30,South Africa,5647,22.9375,-30.5595,2073,103,36.7098,1.824,4,Autumn,Level 1,Banned,5.259,Non-Vaccination
20/05/01,South Africa,5951,22.9375,-30.5595,2382,116,40.0269,1.9493,5,Autumn,Level 1,Banned,5.1080000000000005,Non-Vaccination
20/05/02,South Africa,6336,22.9375,-30.5595,2549,123,40.2304,1.9413,5,Autumn,Level 1,Banned,6.0760000000000005,Non-Vaccination
20/05/03,South Africa,6783,22.9375,-30.5595,2549,131,37.5792,1.9313,5,Autumn,Level 1,Banned,6.59,Non-Vaccination
20/05/04,South Africa,7220,22.9375,-30.5595,2746,138,38.0332,1.9114,5,Autumn,Level 1,Banned,6.053,Non-Vaccination
20/05/05,South Africa,7572,22.9375,-30.5595,2746,148,36.2652,1.9546,5,Autumn,Level 1,Banned,4.649,Non-Vaccination
20/05/06,South Africa,7808,22.9375,-30.5595,3153,153,40.3817,1.9595,5,Autumn,Level 1,Banned,3.023,Non-Vaccination
20/05/07,South Africa,8232,22.9375,-30.5595,3153,161,38.3017,1.9558,5,Autumn,Level 1,Banned,5.151,Non-Vaccination
20/05/08,South Africa,8895,22.9375,-30.5595,3153,178,35.4469,2.0011,5,Autumn,Level 1,Banned,7.454,Non-Vaccination
20/05/09,South Africa,9420,22.9375,-30.5595,3983,186,42.2824,1.9745,5,Autumn,Level 1,Banned,5.573,Non-Vaccination
20/05/10,South Africa,10015,22.9375,-30.5595,4173,194,41.6675,1.9371,5,Autumn,Level 1,Banned,5.941,Non-Vaccination
20/05/11,South Africa,10652,22.9375,-30.5595,4357,206,40.9031,1.9339,5,Autumn,Level 1,Banned,5.98,Non-Vaccination
20/05/12,South Africa,11350,22.9375,-30.5595,4357,206,38.3877,1.815,5,Autumn,Level 1,Banned,6.15,Non-Vaccination
20/05/13,South Africa,12074,22.9375,-30.5595,4745,219,39.2993,1.8138,5,Autumn,Level 1,Banned,5.996,Non-Vaccination
20/05/14,South Africa,12739,22.9375,-30.5595,5676,238,44.5561,1.8683,5,Autumn,Level 1,Banned,5.22,Non-Vaccination
20/05/15,South Africa,13524,22.9375,-30.5595,6083,247,44.9793,1.8264,5,Autumn,Level 1,Banned,5.8039999999999985,Non-Vaccination
20/05/16,South Africa,14355,22.9375,-30.5595,6478,261,45.1271,1.8182,5,Autumn,Level 1,Banned,5.789,Non-Vaccination
20/05/17,South Africa,15515,22.9375,-30.5595,7006,264,45.1563,1.7016,5,Autumn,Level 1,Banned,7.477,Non-Vaccination
20/05/18,South Africa,16433,22.9375,-30.5595,7298,286,44.4106,1.7404,5,Autumn,Level 1,Banned,5.586,Non-Vaccination
20/05/19,South Africa,17200,22.9375,-30.5595,7960,312,46.2791,1.814,5,Autumn,Level 1,Banned,4.459,Non-Vaccination
20/05/20,South Africa,18003,22.9375,-30.5595,8950,339,49.7139,1.883,5,Autumn,Level 1,Banned,4.46,Non-Vaccination
20/05/21,South Africa,19137,22.9375,-30.5595,8950,369,46.768,1.9282,5,Autumn,Level 1,Banned,5.926,Non-Vaccination
20/05/22,South Africa,20125,22.9375,-30.5595,10104,397,50.2062,1.9727,5,Autumn,Level 1,Banned,4.909,Non-Vaccination
20/05/23,South Africa,21343,22.9375,-30.5595,10104,407,47.341,1.9069,5,Autumn,Level 1,Banned,5.707000000000002,Non-Vaccination
20/05/24,South Africa,22583,22.9375,-30.5595,11100,429,49.152,1.8997,5,Autumn,Level 1,Banned,5.4910000000000005,Non-Vaccination
20/05/25,South Africa,23615,22.9375,-30.5595,11917,481,50.4637,2.0368,5,Autumn,Level 1,Banned,4.37,Non-Vaccination
20/05/26,South Africa,24264,22.9375,-30.5595,12741,524,52.5099,2.1596,5,Autumn,Level 1,Banned,2.675,Non-Vaccination
20/05/27,South Africa,25937,22.9375,-30.5595,13451,552,51.8603,2.1282,5,Autumn,Level 1,Banned,6.45,Non-Vaccination
20/05/28,South Africa,27403,22.9375,-30.5595,14370,577,52.4395,2.1056,5,Autumn,Level 1,Banned,5.35,Non-Vaccination
20/05/29,South Africa,29240,22.9375,-30.5595,15093,611,51.6176,2.0896,5,Autumn,Level 1,Banned,6.282,Non-Vaccination
20/05/30,South Africa,30967,22.9375,-30.5595,16116,643,52.0425,2.0764,5,Autumn,Level 1,Banned,5.577000000000001,Non-Vaccination
20/05/31,South Africa,32683,22.9375,-30.5595,16809,683,51.4304,2.0898,5,Autumn,Level 4,Banned,5.25,Non-Vaccination
20/06/01,South Africa,34357,22.9375,-30.5595,17291,705,50.3274,2.052,6,Winter,Level 2,Banned,4.872,Non-Vaccination
20/06/02,South Africa,35812,22.9375,-30.5595,18313,755,51.1365,2.1082,6,Winter,Level 2,Allowed,4.063,Non-Vaccination
20/06/03,South Africa,37525,22.9375,-30.5595,19682,792,52.4504,2.1106,6,Winter,Level 2,Allowed,4.565,Non-Vaccination
20/06/04,South Africa,40792,22.9375,-30.5595,21311,848,52.2431,2.0788,6,Winter,Level 2,Allowed,8.009,Non-Vaccination
20/06/05,South Africa,43434,22.9375,-30.5595,23088,908,53.1565,2.0905,6,Winter,Level 2,Allowed,6.082999999999998,Non-Vaccination
20/06/06,South Africa,45973,22.9375,-30.5595,24258,952,52.7658,2.0708,6,Winter,Level 2,Allowed,5.523,Non-Vaccination
20/06/07,South Africa,48285,22.9375,-30.5595,24364,998,50.4587,2.0669,6,Winter,Level 2,Allowed,4.788,Non-Vaccination
20/06/08,South Africa,50879,22.9375,-30.5595,26099,1080,51.2962,2.1227,6,Winter,Level 2,Allowed,5.098,Non-Vaccination
20/06/09,South Africa,52991,22.9375,-30.5595,29006,1162,54.7376,2.1928,6,Winter,Level 2,Allowed,3.986,Non-Vaccination
20/06/10,South Africa,55421,22.9375,-30.5595,31505,1210,56.8467,2.1833,6,Winter,Level 2,Allowed,4.385,Non-Vaccination
20/06/11,South Africa,58568,22.9375,-30.5595,33252,1284,56.775,2.1923,6,Winter,Level 2,Allowed,5.372999999999998,Non-Vaccination
20/06/12,South Africa,61927,22.9375,-30.5595,35006,1354,56.5278,2.1864,6,Winter,Level 2,Allowed,5.424,Non-Vaccination
20/06/13,South Africa,65736,22.9375,-30.5595,36850,1423,56.0576,2.1647,6,Winter,Level 2,Allowed,5.794,Non-Vaccination
20/06/14,South Africa,70038,22.9375,-30.5595,38531,1480,55.0144,2.1131,6,Winter,Level 2,Allowed,6.142,Non-Vaccination
20/06/15,South Africa,73533,22.9375,-30.5595,39867,1568,54.2165,2.1324,6,Winter,Level 2,Allowed,4.753,Non-Vaccination
20/06/16,South Africa,76334,22.9375,-30.5595,42063,1625,55.1039,2.1288,6,Winter,Level 3,Allowed,3.669,Non-Vaccination
20/06/17,South Africa,80412,22.9375,-30.5595,44331,1674,55.1298,2.0818,6,Winter,Level 3,Allowed,5.0710000000000015,Non-Vaccination
20/06/18,South Africa,83890,22.9375,-30.5595,44920,1737,53.5463,2.0706,6,Winter,Level 3,Allowed,4.146,Non-Vaccination
20/06/19,South Africa,87715,22.9375,-30.5595,47825,1831,54.5232,2.0874,6,Winter,Level 3,Allowed,4.3610000000000015,Non-Vaccination
20/06/20,South Africa,92681,22.9375,-30.5595,50326,1877,54.3002,2.0252,6,Winter,Level 3,Allowed,5.358,Non-Vaccination
20/06/21,South Africa,97302,22.9375,-30.5595,51608,1930,53.039,1.9835,6,Winter,Level 3,Allowed,4.749,Non-Vaccination
20/06/22,South Africa,101590,22.9375,-30.5595,53444,1991,52.6075,1.9598,6,Winter,Level 3,Allowed,4.221,Non-Vaccination
20/06/23,South Africa,106108,22.9375,-30.5595,55045,2102,51.8764,1.981,6,Winter,Level 3,Allowed,4.258,Non-Vaccination
20/06/24,South Africa,111796,22.9375,-30.5595,56874,2205,50.87300000000001,1.9723,6,Winter,Level 3,Allowed,5.088,Non-Vaccination
20/06/25,South Africa,118375,22.9375,-30.5595,59974,2292,50.6644,1.9362,6,Winter,Level 3,Allowed,5.558,Non-Vaccination
20/06/26,South Africa,124590,22.9375,-30.5595,64111,2340,51.4576,1.8782,6,Winter,Level 3,Allowed,4.988,Non-Vaccination
20/06/27,South Africa,131800,22.9375,-30.5595,67094,2413,50.9059,1.8308,6,Winter,Level 3,Allowed,5.47,Non-Vaccination
20/06/28,South Africa,138134,22.9375,-30.5595,68925,2456,49.8972,1.778,6,Winter,Level 3,Allowed,4.585,Non-Vaccination
20/06/29,South Africa,144264,22.9375,-30.5595,70614,2529,48.9478,1.753,6,Winter,Level 4,Banned,4.249,Non-Vaccination
20/06/30,South Africa,151209,22.9375,-30.5595,73543,2657,48.6367,1.7572,6,Winter,Level 4,Banned,4.593,Non-Vaccination
20/07/01,South Africa,159333,22.9375,-30.5595,76025,2749,47.7145,1.7253,7,Winter,Level 4,Banned,5.099,Non-Vaccination
20/07/02,South Africa,168061,22.9375,-30.5595,81999,2844,48.7912,1.6922,7,Winter,Level 4,Banned,5.193,Non-Vaccination
20/07/03,South Africa,177124,22.9375,-30.5595,86298,2952,48.7218,1.6666,7,Winter,Level 4,Banned,5.117,Non-Vaccination
20/07/04,South Africa,187977,22.9375,-30.5595,91227,3026,48.5309,1.6098,7,Winter,Level 4,Banned,5.774,Non-Vaccination
20/07/05,South Africa,196750,22.9375,-30.5595,93315,3199,47.4282,1.6259,7,Winter,Level 4,Banned,4.459,Non-Vaccination
20/07/06,South Africa,205721,22.9375,-30.5595,97848,3310,47.5634,1.609,7,Winter,Level 4,Banned,4.3610000000000015,Non-Vaccination
20/07/07,South Africa,215855,22.9375,-30.5595,102299,3502,47.3925,1.6224,7,Winter,Level 4,Banned,4.695,Non-Vaccination
20/07/08,South Africa,224665,22.9375,-30.5595,106842,3602,47.5561,1.6033,7,Winter,Level 4,Banned,3.921,Non-Vaccination
20/07/09,South Africa,238339,22.9375,-30.5595,113061,3720,47.4371,1.5608,7,Winter,Level 4,Banned,5.737,Non-Vaccination
20/07/10,South Africa,250687,22.9375,-30.5595,118232,3860,47.1632,1.5398,7,Winter,Level 4,Banned,4.926,Non-Vaccination
20/07/11,South Africa,264184,22.9375,-30.5595,127715,3971,48.3432,1.5031,7,Winter,Level 4,Banned,5.109,Non-Vaccination
20/07/12,South Africa,276242,22.9375,-30.5595,134874,4079,48.8246,1.4766,7,Winter,Level 4,Banned,4.365,Non-Vaccination
20/07/13,South Africa,287796,22.9375,-30.5595,138241,4172,48.0344,1.4496,7,Winter,Level 4,Banned,4.015,Non-Vaccination
20/07/14,South Africa,298292,22.9375,-30.5595,146279,4346,49.0389,1.457,7,Winter,Level 4,Banned,3.519,Non-Vaccination
20/07/15,South Africa,311049,22.9375,-30.5595,160693,4453,51.6616,1.4316,7,Winter,Level 4,Banned,4.101,Non-Vaccination
20/07/16,South Africa,324221,22.9375,-30.5595,165591,4669,51.0735,1.4401,7,Winter,Level 4,Banned,4.063,Non-Vaccination
20/07/17,South Africa,337594,22.9375,-30.5595,178183,4804,52.7803,1.423,7,Winter,Level 4,Banned,3.961,Non-Vaccination
20/07/18,South Africa,350879,22.9375,-30.5595,182230,4948,51.9353,1.4102,7,Winter,Level 4,Banned,3.786,Non-Vaccination
20/07/19,South Africa,364328,22.9375,-30.5595,191059,5033,52.4415,1.3814,7,Winter,Level 4,Banned,3.691,Non-Vaccination
20/07/20,South Africa,373628,22.9375,-30.5595,194865,5173,52.1548,1.3845,7,Winter,Level 4,Banned,2.489,Non-Vaccination
20/07/21,South Africa,381798,22.9375,-30.5595,208144,5368,54.5168,1.406,7,Winter,Level 4,Banned,2.14,Non-Vaccination
20/07/22,South Africa,394948,22.9375,-30.5595,229175,5940,58.0266,1.504,7,Winter,Level 4,Banned,3.33,Non-Vaccination
20/07/23,South Africa,408052,22.9375,-30.5595,236260,6093,57.8995,1.4932,7,Winter,Level 4,Banned,3.2110000000000003,Non-Vaccination
20/07/24,South Africa,421996,22.9375,-30.5595,245771,6343,58.2401,1.5031,7,Winter,Level 4,Banned,3.304,Non-Vaccination
20/07/25,South Africa,434200,22.9375,-30.5595,263054,6655,60.5836,1.5327,7,Winter,Level 4,Banned,2.8110000000000004,Non-Vaccination
20/07/26,South Africa,445433,22.9375,-30.5595,265077,6769,59.51,1.5196,7,Winter,Level 3,Banned,2.522,Non-Vaccination
20/07/27,South Africa,452529,22.9375,-30.5595,274925,7067,60.753,1.5617,7,Winter,Level 3,Banned,1.568,Non-Vaccination
20/07/28,South Africa,459761,22.9375,-30.5595,287313,7257,62.4918,1.5784,7,Winter,Level 3,Banned,1.5730000000000002,Non-Vaccination
20/07/29,South Africa,471123,22.9375,-30.5595,297967,7497,63.2461,1.5913,7,Winter,Level 3,Banned,2.412,Non-Vaccination
20/07/30,South Africa,482169,22.9375,-30.5595,309601,7812,64.2101,1.6202,7,Winter,Level 3,Banned,2.291,Non-Vaccination
20/07/31,South Africa,493183,22.9375,-30.5595,326171,8005,66.1359,1.6231,7,Winter,Level 3,Banned,2.233,Non-Vaccination
20/08/01,South Africa,503290,22.9375,-30.5595,342461,8153,68.0445,1.6199,8,Winter,Level 3,Banned,2.008,Non-Vaccination
20/08/02,South Africa,511485,22.9375,-30.5595,347227,8366,67.8861,1.6356,8,Winter,Level 3,Banned,1.602,Non-Vaccination
20/08/03,South Africa,516862,22.9375,-30.5595,358037,8539,69.2713,1.6521,8,Winter,Level 3,Banned,1.04,Non-Vaccination
20/08/04,South Africa,521318,22.9375,-30.5595,363751,8884,69.7753,1.7041,8,Winter,Level 3,Banned,0.855,Non-Vaccination
20/08/05,South Africa,529877,22.9375,-30.5595,377266,9298,71.1988,1.7547,8,Winter,Level 3,Banned,1.615,Non-Vaccination
20/08/06,South Africa,538184,22.9375,-30.5595,387316,9604,71.9672,1.7845,8,Winter,Level 3,Banned,1.544,Non-Vaccination
20/08/07,South Africa,545476,22.9375,-30.5595,394759,9909,72.3696,1.8166,8,Winter,Level 3,Banned,1.337,Non-Vaccination
20/08/08,South Africa,553188,22.9375,-30.5595,404568,10210,73.1339,1.8457,8,Winter,Level 3,Banned,1.394,Non-Vaccination
20/08/09,South Africa,559859,22.9375,-30.5595,411474,10408,73.49600000000002,1.859,8,Winter,Level 3,Banned,1.192,Non-Vaccination
20/08/10,South Africa,563598,22.9375,-30.5595,417200,10621,74.0244,1.8845,8,Winter,Level 3,Banned,0.6629999999999999,Non-Vaccination
20/08/11,South Africa,566109,22.9375,-30.5595,426125,10751,75.2726,1.8991,8,Winter,Level 3,Banned,0.444,Non-Vaccination
20/08/12,South Africa,568919,22.9375,-30.5595,432029,11010,75.9386,1.9352,8,Winter,Level 3,Banned,0.494,Non-Vaccination
20/08/13,South Africa,572865,22.9375,-30.5595,437617,11270,76.3909,1.9673,8,Winter,Level 3,Banned,0.6890000000000001,Non-Vaccination
20/08/14,South Africa,579140,22.9375,-30.5595,461734,11556,79.7275,1.9954,8,Winter,Level 3,Banned,1.084,Non-Vaccination
20/08/15,South Africa,583653,22.9375,-30.5595,466941,11677,80.0032,2.0007,8,Winter,Level 3,Banned,0.773,Non-Vaccination
20/08/16,South Africa,587345,22.9375,-30.5595,472377,11839,80.4258,2.0157,8,Winter,Level 3,Banned,0.629,Non-Vaccination
20/08/17,South Africa,589886,22.9375,-30.5595,477671,11982,80.9768,2.0312,8,Winter,Level 3,Banned,0.431,Non-Vaccination
20/08/18,South Africa,592144,22.9375,-30.5595,485468,12264,81.9848,2.0711,8,Winter,Level 3,Allowed,0.381,Non-Vaccination
20/08/19,South Africa,596060,22.9375,-30.5595,491441,12423,82.4482,2.0842,8,Winter,Level 3,Allowed,0.657,Non-Vaccination
20/08/20,South Africa,599940,22.9375,-30.5595,497169,12618,82.8698,2.1032,8,Winter,Level 3,Allowed,0.647,Non-Vaccination
20/08/21,South Africa,603338,22.9375,-30.5595,500102,12843,82.8892,2.1287,8,Winter,Level 3,Allowed,0.563,Non-Vaccination
20/08/22,South Africa,607045,22.9375,-30.5595,504127,12987,83.0461,2.1394,8,Winter,Level 3,Allowed,0.611,Non-Vaccination
20/08/23,South Africa,609773,22.9375,-30.5595,506470,13059,83.0588,2.1416,8,Winter,Level 3,Allowed,0.447,Non-Vaccination
20/08/24,South Africa,611450,22.9375,-30.5595,516494,13159,84.4704,2.1521,8,Winter,Level 3,Allowed,0.274,Non-Vaccination
20/08/25,South Africa,613017,22.9375,-30.5595,520381,13308,84.8885,2.1709,8,Winter,Level 3,Allowed,0.256,Non-Vaccination
20/08/26,South Africa,615701,22.9375,-30.5595,525242,13502,85.30799999999998,2.1929,8,Winter,Level 3,Allowed,0.436,Non-Vaccination
20/08/27,South Africa,618286,22.9375,-30.5595,531338,13628,85.9373,2.2042,8,Winter,Level 3,Allowed,0.418,Non-Vaccination
20/08/28,South Africa,620132,22.9375,-30.5595,533935,13743,86.1002,2.2161,8,Winter,Level 3,Allowed,0.298,Non-Vaccination
20/08/29,South Africa,622551,22.9375,-30.5595,536694,13981,86.2088,2.2458,8,Winter,Level 3,Allowed,0.389,Non-Vaccination
20/08/30,South Africa,625056,22.9375,-30.5595,538604,14028,86.1689,2.2443,8,Winter,Level 3,Allowed,0.401,Non-Vaccination
20/08/31,South Africa,627041,22.9375,-30.5595,540923,14149,86.266,2.2565,8,Winter,Level 3,Allowed,0.317,Non-Vaccination
20/09/01,South Africa,628259,22.9375,-30.5595,549993,14263,87.5424,2.2702,9,Spring,Level 3,Allowed,0.194,Non-Vaccination
20/09/02,South Africa,630595,22.9375,-30.5595,553456,14389,87.7673,2.2818,9,Spring,Level 3,Allowed,0.37,Non-Vaccination
20/09/03,South Africa,633015,22.9375,-30.5595,554887,14563,87.6578,2.3006,9,Spring,Level 3,Allowed,0.382,Non-Vaccination
20/09/04,South Africa,635078,22.9375,-30.5595,557818,14678,87.8346,2.3112,9,Spring,Level 3,Allowed,0.325,Non-Vaccination
20/09/05,South Africa,636884,22.9375,-30.5595,561204,14779,88.1171,2.3205,9,Spring,Level 3,Allowed,0.284,Non-Vaccination
20/09/06,South Africa,638517,22.9375,-30.5595,563891,14889,88.3126,2.3318,9,Spring,Level 3,Allowed,0.256,Non-Vaccination
20/09/07,South Africa,639362,22.9375,-30.5595,566555,15004,88.6126,2.3467,9,Spring,Level 3,Allowed,0.132,Non-Vaccination
20/09/08,South Africa,640441,22.9375,-30.5595,567729,15086,88.6466,2.3556,9,Spring,Level 3,Allowed,0.168,Non-Vaccination
20/09/09,South Africa,642431,22.9375,-30.5595,569935,15168,88.7154,2.361,9,Spring,Level 3,Allowed,0.31,Non-Vaccination
20/09/10,South Africa,644438,22.9375,-30.5595,573003,15265,88.9151,2.3687,9,Spring,Level 3,Allowed,0.311,Non-Vaccination
20/09/11,South Africa,646398,22.9375,-30.5595,574587,15378,88.8906,2.379,9,Spring,Level 3,Allowed,0.303,Non-Vaccination
20/09/12,South Africa,648214,22.9375,-30.5595,576423,15427,88.9248,2.3799,9,Spring,Level 3,Allowed,0.28,Non-Vaccination
20/09/13,South Africa,649793,22.9375,-30.5595,577906,15447,88.9369,2.3772,9,Spring,Level 3,Allowed,0.243,Non-Vaccination
20/09/14,South Africa,650749,22.9375,-30.5595,579289,15499,89.0188,2.3817,9,Spring,Level 3,Allowed,0.147,Non-Vaccination
20/09/15,South Africa,651521,22.9375,-30.5595,583126,15641,89.5023,2.4007,9,Spring,Level 3,Allowed,0.118,Non-Vaccination
20/09/16,South Africa,653444,22.9375,-30.5595,584195,15705,89.4025,2.4034,9,Spring,Level 3,Allowed,0.294,Non-Vaccination
20/09/17,South Africa,655572,22.9375,-30.5595,585303,15772,89.2813,2.4058,9,Spring,Level 3,Allowed,0.325,Non-Vaccination
20/09/18,South Africa,657627,22.9375,-30.5595,586844,15857,89.2366,2.4112,9,Spring,Level 3,Allowed,0.312,Non-Vaccination
20/09/19,South Africa,659656,22.9375,-30.5595,589434,15940,89.3548,2.4164,9,Spring,Level 3,Allowed,0.308,Non-Vaccination
20/09/20,South Africa,661211,22.9375,-30.5595,590071,15953,89.241,2.4127,9,Spring,Level 3,Allowed,0.235,Non-Vaccination
20/09/21,South Africa,661936,22.9375,-30.5595,591208,15992,89.315,2.4159,9,Spring,Level 3,Allowed,0.11,Non-Vaccination
20/09/22,South Africa,663282,22.9375,-30.5595,592904,16118,89.3894,2.43,9,Spring,Level 3,Allowed,0.203,Non-Vaccination
20/09/23,South Africa,665188,22.9375,-30.5595,594229,16206,89.3325,2.4363,9,Spring,Level 3,Allowed,0.287,Non-Vaccination
20/09/24,South Africa,667049,22.9375,-30.5595,595916,16283,89.3362,2.4411,9,Spring,Level 3,Allowed,0.279,Non-Vaccination
20/09/25,South Africa,668529,22.9375,-30.5595,599149,16312,89.62200000000001,2.44,9,Spring,Level 3,Allowed,0.221,Non-Vaccination
20/09/26,South Africa,669498,22.9375,-30.5595,601818,16376,89.8909,2.446,9,Spring,Level 3,Allowed,0.145,Non-Vaccination
20/09/27,South Africa,670766,22.9375,-30.5595,603721,16398,90.0047,2.4447,9,Spring,Level 3,Allowed,0.189,Non-Vaccination
20/09/28,South Africa,671669,22.9375,-30.5595,604478,16586,89.9964,2.4694,9,Spring,Level 3,Allowed,0.134,Non-Vaccination
20/09/29,South Africa,672572,22.9375,-30.5595,606520,16667,90.1792,2.4781,9,Spring,Level 3,Allowed,0.134,Non-Vaccination
20/09/30,South Africa,674339,22.9375,-30.5595,608112,16734,90.179,2.4815,9,Spring,Level 3,Allowed,0.262,Non-Vaccination
20/10/01,South Africa,676084,22.9375,-30.5595,609584,16866,90.1639,2.4947,10,Spring,Level 3,Allowed,0.258,Non-Vaccination
20/10/02,South Africa,677833,22.9375,-30.5595,611044,16909,90.1467,2.4946,10,Spring,Level 3,Allowed,0.258,Non-Vaccination
20/10/03,South Africa,679716,22.9375,-30.5595,612763,16938,90.1499,2.4919,10,Spring,Level 3,Allowed,0.277,Non-Vaccination
20/10/04,South Africa,681289,22.9375,-30.5595,614781,16976,90.2379,2.4917,10,Spring,Level 3,Allowed,0.231,Non-Vaccination
20/10/05,South Africa,682215,22.9375,-30.5595,615684,17016,90.2478,2.4942,10,Spring,Level 3,Allowed,0.136,Non-Vaccination
20/10/06,South Africa,683242,22.9375,-30.5595,616857,17103,90.2838,2.5032,10,Spring,Level 3,Allowed,0.15,Non-Vaccination
20/10/07,South Africa,685155,22.9375,-30.5595,618127,17248,90.2171,2.5174,10,Spring,Level 3,Allowed,0.279,Non-Vaccination
20/10/08,South Africa,686891,22.9375,-30.5595,618771,17408,90.0829,2.5343,10,Spring,Level 3,Allowed,0.253,Non-Vaccination
20/10/09,South Africa,688352,22.9375,-30.5595,620081,17547,90.082,2.5491,10,Spring,Level 3,Allowed,0.212,Non-Vaccination
20/10/10,South Africa,690896,22.9375,-30.5595,622153,17673,90.0502,2.5580000000000003,10,Spring,Level 3,Allowed,0.368,Non-Vaccination
20/10/11,South Africa,692471,22.9375,-30.5595,623765,17780,90.0781,2.5676,10,Spring,Level 3,Allowed,0.227,Non-Vaccination
20/10/12,South Africa,693359,22.9375,-30.5595,624659,17863,90.0917,2.5763,10,Spring,Level 3,Allowed,0.128,Non-Vaccination
20/10/13,South Africa,694537,22.9375,-30.5595,625574,18028,90.0707,2.5957,10,Spring,Level 3,Allowed,0.17,Non-Vaccination
20/10/14,South Africa,696414,22.9375,-30.5595,626898,18151,90.01799999999999,2.6064,10,Spring,Level 3,Allowed,0.27,Non-Vaccination
20/10/15,South Africa,698184,22.9375,-30.5595,628301,18309,89.9907,2.6224,10,Spring,Level 3,Allowed,0.254,Non-Vaccination
20/10/16,South Africa,700203,22.9375,-30.5595,629260,18370,89.8682,2.6235,10,Spring,Level 3,Allowed,0.28800000000000003,Non-Vaccination
20/10/17,South Africa,702131,22.9375,-30.5595,630436,18408,89.7889,2.6217,10,Spring,Level 3,Allowed,0.275,Non-Vaccination
20/10/18,South Africa,703793,22.9375,-30.5595,634543,18471,90.1605,2.6245,10,Spring,Level 3,Allowed,0.236,Non-Vaccination
20/10/19,South Africa,705254,22.9375,-30.5595,635257,18492,90.0749,2.622,10,Spring,Level 3,Allowed,0.207,Non-Vaccination
20/10/20,South Africa,706304,22.9375,-30.5595,639568,18656,90.5514,2.6414,10,Spring,Level 3,Allowed,0.149,Non-Vaccination
20/10/21,South Africa,708359,22.9375,-30.5595,641706,18741,90.5905,2.6457,10,Spring,Level 3,Allowed,0.29,Non-Vaccination
20/10/22,South Africa,710515,22.9375,-30.5595,642560,18843,90.4358,2.652,10,Spring,Level 3,Allowed,0.303,Non-Vaccination
20/10/23,South Africa,712412,22.9375,-30.5595,643523,18891,90.3302,2.6517,10,Spring,Level 3,Allowed,0.266,Non-Vaccination
20/10/24,South Africa,714246,22.9375,-30.5595,644641,18944,90.2548,2.6523,10,Spring,Level 3,Allowed,0.257,Non-Vaccination
20/10/25,South Africa,715868,22.9375,-30.5595,646170,18968,90.2638,2.6497,10,Spring,Level 3,Allowed,0.227,Non-Vaccination
20/10/26,South Africa,716759,22.9375,-30.5595,646721,19008,90.2285,2.6519,10,Spring,Level 3,Allowed,0.124,Non-Vaccination
20/10/27,South Africa,717851,22.9375,-30.5595,647833,19053,90.2462,2.6542,10,Spring,Level 3,Allowed,0.152,Non-Vaccination
20/10/28,South Africa,719714,22.9375,-30.5595,648654,19111,90.1266,2.6554,10,Spring,Level 3,Allowed,0.259,Non-Vaccination
20/10/29,South Africa,721770,22.9375,-30.5595,649935,19164,90.0474,2.6551,10,Spring,Level 3,Allowed,0.285,Non-Vaccination
20/10/30,South Africa,723682,22.9375,-30.5595,653052,19230,90.2402,2.6572,10,Spring,Level 3,Allowed,0.264,Non-Vaccination
20/10/31,South Africa,725452,22.9375,-30.5595,654182,19276,90.1758,2.6571,10,Spring,Level 3,Allowed,0.244,Non-Vaccination
20/11/01,South Africa,726823,22.9375,-30.5595,655330,19411,90.1636,2.6707,11,Spring,Level 3,Allowed,0.189,Non-Vaccination
20/11/02,South Africa,727595,22.9375,-30.5595,657500,19465,90.3662,2.6753,11,Spring,Level 3,Allowed,0.106,Non-Vaccination
20/11/03,South Africa,728836,22.9375,-30.5595,659259,19539,90.4537,2.6809,11,Spring,Level 3,Allowed,0.17,Non-Vaccination
20/11/04,South Africa,730548,22.9375,-30.5595,660185,19585,90.3685,2.6809,11,Spring,Level 3,Allowed,0.234,Non-Vaccination
20/11/05,South Africa,732414,22.9375,-30.5595,671579,19677,91.6939,2.6866,11,Spring,Level 3,Allowed,0.255,Non-Vaccination
20/11/06,South Africa,734175,22.9375,-30.5595,675593,19749,92.0207,2.69,11,Spring,Level 3,Allowed,0.24,Non-Vaccination
20/11/07,South Africa,735906,22.9375,-30.5595,678738,19789,92.2316,2.6891,11,Spring,Level 3,Allowed,0.235,Non-Vaccination
20/11/08,South Africa,737278,22.9375,-30.5595,679688,19809,92.1888,2.6868,11,Spring,Level 3,Allowed,0.18600000000000005,Non-Vaccination
20/11/09,South Africa,738525,22.9375,-30.5595,680726,19845,92.1737,2.6871,11,Spring,Level 3,Allowed,0.16899999999999998,Non-Vaccination
20/11/10,South Africa,740254,22.9375,-30.5595,683194,19951,92.2918,2.6952,11,Spring,Level 3,Allowed,0.234,Non-Vaccination
20/11/11,South Africa,742394,22.9375,-30.5595,686458,20011,92.4655,2.6955,11,Spring,Level 3,Allowed,0.28800000000000003,Non-Vaccination
20/11/12,South Africa,744732,22.9375,-30.5595,690903,20076,92.772,2.6957,11,Spring,Level 3,Allowed,0.314,Non-Vaccination
20/11/13,South Africa,746945,22.9375,-30.5595,692177,20153,92.6677,2.6981,11,Spring,Level 3,Allowed,0.29600000000000004,Non-Vaccination
20/11/14,South Africa,749182,22.9375,-30.5595,693261,20206,92.5357,2.6971,11,Spring,Level 3,Allowed,0.299,Non-Vaccination
20/11/15,South Africa,751024,22.9375,-30.5595,693467,20241,92.3362,2.6951,11,Spring,Level 3,Allowed,0.245,Non-Vaccination
20/11/16,South Africa,752269,22.9375,-30.5595,695496,20314,92.4531,2.7004,11,Spring,Level 3,Allowed,0.165,Non-Vaccination
20/11/17,South Africa,754256,22.9375,-30.5595,696820,20432,92.3851,2.7089,11,Spring,Level 3,Allowed,0.263,Non-Vaccination
20/11/18,South Africa,757144,22.9375,-30.5595,701534,20556,92.6553,2.7149,11,Spring,Level 3,Allowed,0.381,Non-Vaccination
20/11/19,South Africa,759658,22.9375,-30.5595,702544,20671,92.4816,2.7211,11,Spring,Level 3,Allowed,0.331,Non-Vaccination
20/11/20,South Africa,762763,22.9375,-30.5595,707040,20759,92.6946,2.7216,11,Spring,Level 3,Allowed,0.407,Non-Vaccination
20/11/21,South Africa,765409,22.9375,-30.5595,707784,20845,92.4713,2.7234,11,Spring,Level 3,Allowed,0.34600000000000003,Non-Vaccination
20/11/22,South Africa,767679,22.9375,-30.5595,710099,20903,92.4995,2.7229,11,Spring,Level 3,Allowed,0.29600000000000004,Non-Vaccination
20/11/23,South Africa,769759,22.9375,-30.5595,711195,20968,92.3919,2.724,11,Spring,Level 3,Allowed,0.27,Non-Vaccination
20/11/24,South Africa,772252,22.9375,-30.5595,716444,21083,92.7733,2.7301,11,Spring,Level 3,Allowed,0.32299999999999995,Non-Vaccination
20/11/25,South Africa,775502,22.9375,-30.5595,716444,21201,92.3845,2.7338,11,Spring,Level 3,Allowed,0.419,Non-Vaccination
20/11/26,South Africa,778571,22.9375,-30.5595,716444,21289,92.0204,2.7344,11,Spring,Level 3,Allowed,0.394,Non-Vaccination
20/11/27,South Africa,781941,22.9375,-30.5595,722876,21378,92.4464,2.734,11,Spring,Level 3,Allowed,0.431,Non-Vaccination
20/11/28,South Africa,785139,22.9375,-30.5595,723347,21439,92.1298,2.7306,11,Spring,Level 3,Allowed,0.407,Non-Vaccination
20/11/29,South Africa,787702,22.9375,-30.5595,730633,21477,92.755,2.7265,11,Spring,Level 3,Allowed,0.325,Non-Vaccination
20/11/30,South Africa,790004,22.9375,-30.5595,731242,21535,92.5618,2.7259,11,Spring,Level 3,Allowed,0.29100000000000004,Non-Vaccination
20/12/01,South Africa,792299,22.9375,-30.5595,732531,21644,92.4564,2.7318,12,Summer,Level 3,Allowed,0.29,Non-Vaccination
20/12/02,South Africa,796472,22.9375,-30.5595,734305,21709,92.1947,2.7256,12,Summer,Level 3,Allowed,0.524,Non-Vaccination
20/12/03,South Africa,800872,22.9375,-30.5595,739367,21803,92.3202,2.7224,12,Summer,Level 3,Allowed,0.5489999999999999,Non-Vaccination
20/12/04,South Africa,805804,22.9375,-30.5595,740450,21963,91.8896,2.7256,12,Summer,Level 3,Allowed,0.612,Non-Vaccination
20/12/05,South Africa,810449,22.9375,-30.5595,744298,22067,91.8377,2.7228,12,Summer,Level 3,Allowed,0.573,Non-Vaccination
20/12/06,South Africa,814565,22.9375,-30.5595,744780,22206,91.4329,2.7261,12,Summer,Level 3,Allowed,0.505,Non-Vaccination
20/12/07,South Africa,817878,22.9375,-30.5595,745750,22249,91.1811,2.7203,12,Summer,Level 3,Allowed,0.405,Non-Vaccination
20/12/08,South Africa,821889,22.9375,-30.5595,753072,22432,91.627,2.7293,12,Summer,Level 3,Allowed,0.488,Non-Vaccination
20/12/09,South Africa,828598,22.9375,-30.5595,754658,22574,91.0765,2.7244,12,Summer,Level 3,Allowed,0.81,Non-Vaccination
20/12/10,South Africa,836764,22.9375,-30.5595,756671,22747,90.4282,2.7184,12,Summer,Level 3,Allowed,0.976,Non-Vaccination
20/12/11,South Africa,845083,22.9375,-30.5595,758373,22952,89.7395,2.7159,12,Summer,Level 3,Allowed,0.984,Non-Vaccination
20/12/12,South Africa,852965,22.9375,-30.5595,760118,23106,89.1148,2.7089,12,Summer,Level 3,Allowed,0.924,Non-Vaccination
20/12/13,South Africa,860964,22.9375,-30.5595,761011,23276,88.3906,2.7035,12,Summer,Level 3,Allowed,0.929,Non-Vaccination
20/12/14,South Africa,866127,22.9375,-30.5595,762746,23451,88.064,2.7076,12,Summer,Level 3,Allowed,0.596,Non-Vaccination
20/12/15,South Africa,873679,22.9375,-30.5595,764977,23661,87.5581,2.7082,12,Summer,Level 3,Allowed,0.8640000000000001,Non-Vaccination
20/12/16,South Africa,883687,22.9375,-30.5595,774585,23827,87.6538,2.6963,12,Summer,Level 3,Allowed,1.133,Non-Vaccination
20/12/17,South Africa,892813,22.9375,-30.5595,780313,24011,87.3994,2.6894,12,Summer,Level 3,Allowed,1.022,Non-Vaccination
20/12/18,South Africa,901538,22.9375,-30.5595,783818,24285,86.9423,2.6937,12,Summer,Level 3,Allowed,0.968,Non-Vaccination
20/12/19,South Africa,912477,22.9375,-30.5595,787782,24539,86.3345,2.6893,12,Summer,Level 3,Allowed,1.199,Non-Vaccination
20/12/20,South Africa,921922,22.9375,-30.5595,793914,24691,86.1151,2.6782,12,Summer,Level 3,Allowed,1.024,Non-Vaccination
20/12/21,South Africa,930711,22.9375,-30.5595,796346,24907,85.5632,2.6761,12,Summer,Level 3,Allowed,0.944,Non-Vaccination
20/12/22,South Africa,940212,22.9375,-30.5595,808241,25246,85.9637,2.6851,12,Summer,Level 3,Allowed,1.011,Non-Vaccination
20/12/23,South Africa,954258,22.9375,-30.5595,811372,25657,85.0265,2.6887,12,Summer,Level 3,Allowed,1.472,Non-Vaccination
20/12/24,South Africa,968563,22.9375,-30.5595,822978,25983,84.969,2.6826,12,Summer,Level 3,Allowed,1.477,Non-Vaccination
20/12/25,South Africa,983359,22.9375,-30.5595,830251,26276,84.4301,2.6721,12,Summer,Level 3,Allowed,1.505,Non-Vaccination
20/12/26,South Africa,994911,22.9375,-30.5595,839194,26521,84.3487,2.6657,12,Summer,Level 3,Allowed,1.161,Non-Vaccination
20/12/27,South Africa,1004413,22.9375,-30.5595,844874,26735,84.1162,2.6618,12,Summer,Level 3,Allowed,0.946,Non-Vaccination
20/12/28,South Africa,1011871,22.9375,-30.5595,849974,27071,84.0002,2.6753,12,Summer,Level 3,Allowed,0.737,Non-Vaccination
20/12/29,South Africa,1021451,22.9375,-30.5595,858456,27568,84.0428,2.6989,12,Summer,Level 3,Allowed,0.938,Non-Vaccination
20/12/30,South Africa,1039161,22.9375,-30.5595,867597,28033,83.4901,2.6977,12,Summer,Level 3,Allowed,1.704,Non-Vaccination
20/12/31,South Africa,1057161,22.9375,-30.5595,879671,28469,83.2107,2.693,12,Summer,Level 3,Allowed,1.703,Non-Vaccination
21/01/01,South Africa,1073887,22.9375,-30.5595,887701,28887,82.6624,2.6899,1,Summer,Level 1,Allowed,1.558,Non-Vaccination
21/01/02,South Africa,1088889,22.9375,-30.5595,897704,29175,82.4422,2.6793,1,Summer,Level 1,Allowed,1.378,Non-Vaccination
21/01/03,South Africa,1100748,22.9375,-30.5595,903679,29577,82.0968,2.687,1,Summer,Level 1,Allowed,1.077,Non-Vaccination
21/01/04,South Africa,1113349,22.9375,-30.5595,911573,30011,81.8767,2.6956,1,Summer,Level 1,Allowed,1.132,Non-Vaccination
21/01/05,South Africa,1127759,22.9375,-30.5595,920879,30524,81.6557,2.7066,1,Summer,Level 1,Allowed,1.278,Non-Vaccination
21/01/06,South Africa,1149591,22.9375,-30.5595,929239,31368,80.8321,2.7286,1,Summer,Level 1,Allowed,1.899,Non-Vaccination
21/01/07,South Africa,1170590,22.9375,-30.5595,938216,31809,80.149,2.7173,1,Summer,Level 1,Allowed,1.794,Non-Vaccination
21/01/08,South Africa,1192570,22.9375,-30.5595,947919,32425,79.4854,2.7189,1,Summer,Level 1,Allowed,1.843,Non-Vaccination
21/01/09,South Africa,1214176,22.9375,-30.5595,956712,32824,78.7952,2.7034,1,Summer,Level 1,Allowed,1.779,Non-Vaccination
21/01/10,South Africa,1231597,22.9375,-30.5595,966368,33163,78.4646,2.6927,1,Summer,Level 1,Allowed,1.415,Non-Vaccination
21/01/11,South Africa,1246643,22.9375,-30.5595,973265,33579,78.0709,2.6936,1,Summer,Level 1,Allowed,1.207,Non-Vaccination
21/01/12,South Africa,1259748,22.9375,-30.5595,1019123,34334,80.899,2.7255,1,Summer,Level 1,Allowed,1.04,Non-Vaccination
21/01/13,South Africa,1278303,22.9375,-30.5595,1030930,35140,80.6483,2.749,1,Summer,Level 1,Allowed,1.452,Non-Vaccination
21/01/14,South Africa,1296806,22.9375,-30.5595,1049740,35852,80.9481,2.7646,1,Summer,Level 1,Allowed,1.4269999999999998,Non-Vaccination
21/01/15,South Africa,1311686,22.9375,-30.5595,1062690,36467,81.0171,2.7802,1,Summer,Level 1,Allowed,1.134,Non-Vaccination
21/01/16,South Africa,1325659,22.9375,-30.5595,1083978,36851,81.76899999999998,2.7798,1,Summer,Level 1,Allowed,1.054,Non-Vaccination
21/01/17,South Africa,1337926,22.9375,-30.5595,1098441,37105,82.1003,2.7733,1,Summer,Level 1,Allowed,0.917,Non-Vaccination
21/01/18,South Africa,1346936,22.9375,-30.5595,1117452,37449,82.9625,2.7803,1,Summer,Level 1,Allowed,0.669,Non-Vaccination
21/01/19,South Africa,1356716,22.9375,-30.5595,1144857,38288,84.3844,2.8221,1,Summer,Level 1,Allowed,0.721,Non-Vaccination
21/01/20,South Africa,1369426,22.9375,-30.5595,1160412,38854,84.7371,2.8372,1,Summer,Level 1,Allowed,0.928,Non-Vaccination
21/01/21,South Africa,1380807,22.9375,-30.5595,1183443,39501,85.7066,2.8607,1,Summer,Level 1,Allowed,0.8240000000000001,Non-Vaccination
21/01/22,South Africa,1392568,22.9375,-30.5595,1201284,40076,86.2639,2.8778,1,Summer,Level 1,Allowed,0.845,Non-Vaccination
21/01/23,South Africa,1404839,22.9375,-30.5595,1217492,40574,86.6642,2.8882,1,Summer,Level 1,Allowed,0.873,Non-Vaccination
21/01/24,South Africa,1412986,22.9375,-30.5595,1230520,40874,87.0865,2.8927,1,Summer,Level 1,Allowed,0.5770000000000001,Non-Vaccination
21/01/25,South Africa,1417537,22.9375,-30.5595,1241421,41117,87.5759,2.9006,1,Summer,Level 1,Allowed,0.321,Non-Vaccination
21/01/26,South Africa,1423578,22.9375,-30.5595,1254674,41797,88.1352,2.9361,1,Summer,Level 1,Allowed,0.424,Non-Vaccination
21/01/27,South Africa,1430648,22.9375,-30.5595,1263476,42550,88.3149,2.9742,1,Summer,Level 1,Allowed,0.494,Non-Vaccination
21/01/28,South Africa,1437798,22.9375,-30.5595,1272197,43105,88.4823,2.998,1,Summer,Level 1,Allowed,0.4970000000000001,Non-Vaccination
21/01/29,South Africa,1443939,22.9375,-30.5595,1284781,43633,88.9775,3.0218,1,Summer,Level 1,Allowed,0.425,Non-Vaccination
21/01/30,South Africa,1449236,22.9375,-30.5595,1292921,43951,89.214,3.0327,1,Summer,Level 1,Allowed,0.366,Non-Vaccination
21/01/31,South Africa,1453761,22.9375,-30.5595,1299620,44164,89.3971,3.0379,1,Summer,Level 1,Allowed,0.311,Non-Vaccination
21/02/01,South Africa,1456309,22.9375,-30.5595,1306022,44399,89.6803,3.0487,2,Summer,Level 1,Allowed,0.175,Non-Vaccination
21/02/02,South Africa,1458958,22.9375,-30.5595,1318504,44946,90.373,3.0807,2,Summer,Level 1,Allowed,0.182,Non-Vaccination
21/02/03,South Africa,1463016,22.9375,-30.5595,1323680,45344,90.4761,3.0994,2,Summer,Level 1,Allowed,0.277,Non-Vaccination
21/02/04,South Africa,1466767,22.9375,-30.5595,1327186,45605,90.4838,3.1092,2,Summer,Level 1,Allowed,0.256,Non-Vaccination
21/02/05,South Africa,1470516,22.9375,-30.5595,1335618,45902,90.8265,3.1215,2,Summer,Level 1,Allowed,0.255,Non-Vaccination
21/02/06,South Africa,1473700,22.9375,-30.5595,1340497,46180,90.9613,3.1336,2,Summer,Level 1,Allowed,0.21600000000000005,Non-Vaccination
21/02/07,South Africa,1476135,22.9375,-30.5595,1360204,46290,92.1463,3.1359,2,Summer,Level 1,Allowed,0.165,Non-Vaccination
21/02/08,South Africa,1477511,22.9375,-30.5595,1363947,46473,92.3138,3.1454,2,Summer,Level 1,Allowed,0.093,Non-Vaccination
21/02/09,South Africa,1479253,22.9375,-30.5595,1367247,46869,92.4282,3.1684,2,Summer,Level 1,Allowed,0.118,Non-Vaccination
21/02/10,South Africa,1482412,22.9375,-30.5595,1374368,47145,92.7116,3.1803,2,Summer,Level 1,Allowed,0.213,Non-Vaccination
21/02/11,South Africa,1484900,22.9375,-30.5595,1377980,47382,92.7995,3.1909,2,Summer,Level 1,Allowed,0.168,Non-Vaccination
21/02/12,South Africa,1487681,22.9375,-30.5595,1383626,47670,93.0056,3.2043,2,Summer,Level 1,Allowed,0.187,Non-Vaccination
21/02/13,South Africa,1490063,22.9375,-30.5595,1385996,47821,93.0159,3.2093,2,Summer,Level 1,Allowed,0.16,Non-Vaccination
21/02/14,South Africa,1491807,22.9375,-30.5595,1388321,47899,93.063,3.2108,2,Summer,Level 1,Allowed,0.117,Non-Vaccination
21/02/15,South Africa,1492909,22.9375,-30.5595,1391155,48094,93.1842,3.2215,2,Summer,Level 1,Allowed,0.07400000000000001,Non-Vaccination
21/02/16,South Africa,1494119,22.9375,-30.5595,1396951,48313,93.4966,3.2335,2,Summer,Level 1,Allowed,0.081,Non-Vaccination
21/02/17,South Africa,1496439,22.9375,-30.5595,1399829,48478,93.544,3.2396,2,Summer,Level 1,Allowed,0.155,Vaccination
21/02/18,South Africa,1498766,22.9375,-30.5595,1403214,48708,93.6246,3.2499,2,Summer,Level 1,Allowed,0.155,Vaccination
21/02/19,South Africa,1500677,22.9375,-30.5595,1406907,48859,93.7515,3.2558,2,Summer,Level 1,Allowed,0.127,Vaccination
21/02/20,South Africa,1502367,22.9375,-30.5595,1409553,48940,93.8221,3.2575,2,Summer,Level 1,Allowed,0.112,Vaccination
21/02/21,South Africa,1503796,22.9375,-30.5595,1412015,49053,93.8967,3.2619,2,Summer,Level 1,Allowed,0.095,Vaccination
21/02/22,South Africa,1504588,22.9375,-30.5595,1413566,49150,93.9504,3.2667,2,Summer,Level 1,Allowed,0.053,Vaccination
21/02/23,South Africa,1505586,22.9375,-30.5595,1419459,49413,94.2795,3.282,2,Summer,Level 1,Allowed,0.066,Vaccination
21/02/24,South Africa,1507448,22.9375,-30.5595,1422622,49523,94.3729,3.2852,2,Summer,Level 1,Allowed,0.124,Vaccination
21/02/25,South Africa,1509124,22.9375,-30.5595,1424401,49667,94.3859,3.2911,2,Summer,Level 1,Allowed,0.111,Vaccination
21/02/26,South Africa,1510778,22.9375,-30.5595,1426417,49784,94.4161,3.2953,2,Summer,Level 1,Allowed,0.109,Vaccination
21/02/27,South Africa,1512225,22.9375,-30.5595,1429047,49941,94.4996,3.3025,2,Summer,Level 1,Allowed,0.096,Vaccination
21/02/28,South Africa,1513393,22.9375,-30.5595,1430259,49993,94.5068,3.3034,2,Summer,Level 1,Allowed,0.077,Vaccination
21/03/01,South Africa,1513959,22.9375,-30.5595,1431336,50077,94.5426,3.3077,3,Autumn,Level 1,Allowed,0.037000000000000005,Vaccination
21/03/02,South Africa,1514815,22.9375,-30.5595,1433320,50271,94.6201,3.3186,3,Autumn,Level 1,Allowed,0.057,Vaccination
21/03/03,South Africa,1516262,22.9375,-30.5595,1434772,50366,94.6256,3.3217,3,Autumn,Level 1,Allowed,0.095,Vaccination
21/03/04,South Africa,1517666,22.9375,-30.5595,1436010,50462,94.6196,3.325,3,Autumn,Level 1,Allowed,0.093,Vaccination
21/03/05,South Africa,1518979,22.9375,-30.5595,1437050,50566,94.6063,3.3289,3,Autumn,Level 1,Allowed,0.086,Vaccination
21/03/06,South Africa,1520206,22.9375,-30.5595,1439515,50647,94.6921,3.3316,3,Autumn,Level 1,Allowed,0.081,Vaccination
21/03/07,South Africa,1521068,22.9375,-30.5595,1440874,50678,94.7278,3.3317,3,Autumn,Level 1,Allowed,0.057,Vaccination
21/03/08,South Africa,1521706,22.9375,-30.5595,1442045,50803,94.765,3.3386,3,Autumn,Level 1,Allowed,0.042,Vaccination
21/03/09,South Africa,1522697,22.9375,-30.5595,1444282,50906,94.8503,3.3431,3,Autumn,Level 1,Allowed,0.065,Vaccination
21/03/10,South Africa,1524174,22.9375,-30.5595,1445979,51015,94.8697,3.3471,3,Autumn,Level 1,Allowed,0.097,Vaccination
21/03/11,South Africa,1525648,22.9375,-30.5595,1447503,51110,94.8779,3.3501,3,Autumn,Level 1,Allowed,0.097,Vaccination
21/03/12,South Africa,1526873,22.9375,-30.5595,1449654,51179,94.9427,3.3519,3,Autumn,Level 1,Allowed,0.08,Vaccination
21/03/13,South Africa,1528414,22.9375,-30.5595,1452988,51261,95.0651,3.3539,3,Autumn,Level 1,Allowed,0.101,Vaccination
21/03/14,South Africa,1529420,22.9375,-30.5595,1454290,51326,95.0877,3.3559,3,Autumn,Level 1,Allowed,0.066,Vaccination
21/03/15,South Africa,1530033,22.9375,-30.5595,1455325,51421,95.1172,3.3608,3,Autumn,Level 1,Allowed,0.04,Vaccination
21/03/16,South Africa,1530966,22.9375,-30.5595,1458001,51560,95.2341,3.3678,3,Autumn,Level 1,Allowed,0.061,Vaccination
21/03/17,South Africa,1532497,22.9375,-30.5595,1459056,51634,95.2078,3.3693,3,Autumn,Level 1,Allowed,0.1,Vaccination
21/03/18,South Africa,1533961,22.9375,-30.5595,1459894,51724,95.1715,3.3719,3,Autumn,Level 1,Allowed,0.095,Vaccination
21/03/19,South Africa,1535423,22.9375,-30.5595,1461196,52035,95.1657,3.389,3,Autumn,Level 1,Allowed,0.095,Vaccination
21/03/20,South Africa,1536801,22.9375,-30.5595,1462110,52082,95.1398,3.389,3,Autumn,Level 1,Allowed,0.09,Vaccination
21/03/21,South Africa,1537852,22.9375,-30.5595,1463089,52111,95.1385,3.3886,3,Autumn,Level 1,Allowed,0.068,Vaccination
21/03/22,South Africa,1538451,22.9375,-30.5595,1463953,52196,95.1576,3.3928,3,Autumn,Level 1,Allowed,0.039,Vaccination
21/03/23,South Africa,1538961,22.9375,-30.5595,1465204,52251,95.2074,3.3952,3,Autumn,Level 1,Allowed,0.033,Vaccination
21/03/24,South Africa,1540009,22.9375,-30.5595,1466595,52372,95.2329,3.4008,3,Autumn,Level 1,Allowed,0.068,Vaccination
21/03/25,South Africa,1541563,22.9375,-30.5595,1467254,52535,95.1796,3.4079,3,Autumn,Level 1,Allowed,0.101,Vaccination
21/03/26,South Africa,1543079,22.9375,-30.5595,1469565,52602,95.2359,3.4089,3,Autumn,Level 1,Allowed,0.098,Vaccination
21/03/27,South Africa,1544466,22.9375,-30.5595,1471164,52648,95.2539,3.4088,3,Autumn,Level 1,Banned,0.09,Vaccination
21/03/28,South Africa,1545431,22.9375,-30.5595,1471899,52663,95.242,3.4077,3,Autumn,Level 1,Banned,0.062,Vaccination
21/03/29,South Africa,1545979,22.9375,-30.5595,1472645,52710,95.2565,3.4095,3,Autumn,Level 1,Banned,0.035,Vaccination
21/03/30,South Africa,1546735,22.9375,-30.5595,1473588,52788,95.2709,3.4129,3,Autumn,Level 1,Banned,0.049,Vaccination
21/03/31,South Africa,1548157,22.9375,-30.5595,1474319,52846,95.2306,3.4135,3,Autumn,Level 1,Banned,0.092,Vaccination
21/04/01,South Africa,1549451,22.9375,-30.5595,1474826,52897,95.1838,3.4139,4,Autumn,Level 1,Banned,0.084,Vaccination
21/04/02,South Africa,1550724,22.9375,-30.5595,1475398,52946,95.1425,3.4143,4,Autumn,Level 1,Banned,0.08199999999999999,Vaccination
21/04/03,South Africa,1551501,22.9375,-30.5595,1476605,52954,95.1727,3.4131,4,Autumn,Level 1,Banned,0.05,Vaccination
21/04/04,South Africa,1551964,22.9375,-30.5595,1477363,52987,95.1931,3.4142,4,Autumn,Level 1,Banned,0.03,Vaccination
21/04/05,South Africa,1552416,22.9375,-30.5595,1478088,52995,95.2121,3.4137,4,Autumn,Level 1,Banned,0.029,Vaccination
21/04/06,South Africa,1552853,22.9375,-30.5595,1478820,53032,95.2325,3.4151,4,Autumn,Level 1,Banned,0.028,Vaccination
21/04/07,South Africa,1553609,22.9375,-30.5595,1479821,53111,95.2505,3.4186,4,Autumn,Level 1,Banned,0.049,Vaccination
21/04/08,South Africa,1554975,22.9375,-30.5595,1480632,53173,95.219,3.4195,4,Autumn,Level 1,Banned,0.08800000000000001,Vaccination
21/04/09,South Africa,1556242,22.9375,-30.5595,1481637,53226,95.2061,3.4202,4,Autumn,Level 1,Banned,0.081,Vaccination
21/04/10,South Africa,1557527,22.9375,-30.5595,1482682,53256,95.1946,3.4193,4,Autumn,Level 1,Banned,0.083,Vaccination
21/04/11,South Africa,1558458,22.9375,-30.5595,1483296,53322,95.1772,3.4215,4,Autumn,Level 1,Banned,0.06,Vaccination
21/04/12,South Africa,1559113,22.9375,-30.5595,1484356,53356,95.2052,3.4222,4,Autumn,Level 1,Banned,0.042,Vaccination
21/04/13,South Africa,1559960,22.9375,-30.5595,1485315,53423,95.2149,3.4246,4,Autumn,Level 1,Banned,0.054000000000000006,Vaccination
21/04/14,South Africa,1561559,22.9375,-30.5595,1486873,53498,95.2172,3.4259,4,Autumn,Level 1,Banned,0.102,Vaccination
21/04/15,South Africa,1562931,22.9375,-30.5595,1488060,53571,95.2096,3.4276,4,Autumn,Level 1,Banned,0.08800000000000001,Vaccination
21/04/16,South Africa,1564355,22.9375,-30.5595,1488572,53663,95.1556,3.4304,4,Autumn,Level 1,Banned,0.091,Vaccination
21/04/17,South Africa,1565680,22.9375,-30.5595,1489457,53711,95.1316,3.4305,4,Autumn,Level 1,Banned,0.085,Vaccination
21/04/18,South Africa,1566769,22.9375,-30.5595,1490143,53736,95.1093,3.4297,4,Autumn,Level 1,Banned,0.07,Vaccination
21/04/19,South Africa,1567513,22.9375,-30.5595,1490876,53757,95.1109,3.4294,4,Autumn,Level 1,Banned,0.047,Vaccination
21/04/20,South Africa,1568366,22.9375,-30.5595,1494630,53887,95.2985,3.4359,4,Autumn,Level 1,Banned,0.054000000000000006,Vaccination
21/04/21,South Africa,1569935,22.9375,-30.5595,1495864,53940,95.2819,3.4358,4,Autumn,Level 1,Banned,0.1,Vaccination
21/04/22,South Africa,1571348,22.9375,-30.5595,1496756,53995,95.253,3.4362,4,Autumn,Level 1,Banned,0.09,Vaccination
21/04/23,South Africa,1572985,22.9375,-30.5595,1499110,54066,95.3035,3.4372,4,Autumn,Level 1,Banned,0.104,Vaccination
21/04/24,South Africa,1574370,22.9375,-30.5595,1500360,54125,95.2991,3.4379,4,Autumn,Level 1,Banned,0.08800000000000001,Vaccination
21/04/25,South Africa,1575471,22.9375,-30.5595,1501185,54148,95.2848,3.4369,4,Autumn,Level 1,Banned,0.07,Vaccination
21/04/26,South Africa,1576320,22.9375,-30.5595,1501880,54186,95.2776,3.4375,4,Autumn,Level 1,Banned,0.054000000000000006,Vaccination
21/04/27,South Africa,1577200,22.9375,-30.5595,1502986,54237,95.2946,3.4388,4,Autumn,Level 1,Banned,0.056,Vaccination
21/04/28,South Africa,1578450,22.9375,-30.5595,1503611,54285,95.2587,3.4391,4,Autumn,Level 1,Banned,0.079,Vaccination
21/04/29,South Africa,1579536,22.9375,-30.5595,1504426,54331,95.2448,3.4397,4,Autumn,Level 1,Banned,0.069,Vaccination
21/04/30,South Africa,1581210,22.9375,-30.5595,1505620,54350,95.2195,3.4372,4,Autumn,Level 1,Banned,0.106,Vaccination
21/05/01,South Africa,1582842,22.9375,-30.5595,1506732,54406,95.1916,3.4372,5,Autumn,Level 1,Banned,0.103,Vaccination
21/05/02,South Africa,1584064,22.9375,-30.5595,1507778,54417,95.1842,3.4353,5,Autumn,Level 1,Banned,0.077,Vaccination
21/05/03,South Africa,1584961,22.9375,-30.5595,1508558,54452,95.1795,3.4355,5,Autumn,Level 1,Banned,0.057,Vaccination
21/05/04,South Africa,1586148,22.9375,-30.5595,1509656,54511,95.1775,3.4367,5,Autumn,Level 1,Banned,0.075,Vaccination
21/05/05,South Africa,1588221,22.9375,-30.5595,1510385,54557,95.0992,3.4351,5,Autumn,Level 1,Banned,0.131,Vaccination
21/05/06,South Africa,1590370,22.9375,-30.5595,1511905,54620,95.0662,3.4344,5,Autumn,Level 1,Banned,0.135,Vaccination
21/05/07,South Africa,1592626,22.9375,-30.5595,1513202,54687,95.013,3.4338,5,Autumn,Level 1,Banned,0.142,Vaccination
21/05/08,South Africa,1592626,22.9375,-30.5595,1513202,54687,95.013,3.4338,5,Autumn,Level 1,Banned,0.0,Vaccination
21/05/09,South Africa,1596595,22.9375,-30.5595,1516256,54735,94.9681,3.4282,5,Autumn,Level 1,Banned,0.249,Vaccination
21/05/10,South Africa,1597724,22.9375,-30.5595,1517350,54825,94.9695,3.4314,5,Autumn,Level 1,Banned,0.071,Vaccination
21/05/11,South Africa,1599272,22.9375,-30.5595,1519258,54896,94.9968,3.4326,5,Autumn,Level 1,Banned,0.097,Vaccination
21/05/12,South Africa,1602031,22.9375,-30.5595,1519734,54968,94.863,3.4311,5,Autumn,Level 1,Banned,0.172,Vaccination
21/05/13,South Africa,1605252,22.9375,-30.5595,1520878,55012,94.7439,3.427,5,Autumn,Level 1,Banned,0.201,Vaccination
21/05/14,South Africa,1608393,22.9375,-30.5595,1522165,55124,94.6389,3.4273,5,Autumn,Level 1,Banned,0.195,Vaccination
21/05/15,South Africa,1611143,22.9375,-30.5595,1523243,55183,94.5442,3.4251,5,Autumn,Level 1,Banned,0.171,Vaccination
21/05/16,South Africa,1613728,22.9375,-30.5595,1524352,55210,94.4615,3.4213,5,Autumn,Level 1,Banned,0.16,Vaccination
21/05/17,South Africa,1615485,22.9375,-30.5595,1526638,55260,94.5003,3.4206,5,Autumn,Level 1,Banned,0.109,Vaccination
21/05/18,South Africa,1617840,22.9375,-30.5595,1527968,55340,94.4449,3.4206,5,Autumn,Level 1,Banned,0.146,Vaccination
21/05/19,South Africa,1621362,22.9375,-30.5595,1528868,55507,94.2953,3.4235,5,Autumn,Level 1,Banned,0.217,Vaccination
21/05/20,South Africa,1625003,22.9375,-30.5595,1531993,55568,94.2763,3.4196,5,Autumn,Level 1,Banned,0.224,Vaccination
21/05/21,South Africa,1628335,22.9375,-30.5595,1534350,55719,94.2282,3.4218,5,Autumn,Level 1,Banned,0.205,Vaccination
21/05/22,South Africa,1632571,22.9375,-30.5595,1537430,55772,94.1723,3.4162,5,Autumn,Level 1,Banned,0.259,Vaccination
21/05/23,South Africa,1635465,22.9375,-30.5595,1539395,55802,94.1258,3.412,5,Autumn,Level 1,Banned,0.177,Vaccination
21/05/24,South Africa,1637848,22.9375,-30.5595,1541250,55874,94.1021,3.4114,5,Autumn,Level 1,Banned,0.145,Vaccination
21/05/25,South Africa,1637848,22.9375,-30.5595,1543951,55976,94.2671,3.4177,5,Autumn,Level 1,Banned,0.0,Vaccination
21/05/26,South Africa,1645555,22.9375,-30.5595,1546583,56077,93.9855,3.4078,5,Autumn,Level 1,Banned,0.468,Vaccination
21/05/27,South Africa,1649977,22.9375,-30.5595,1548092,56170,93.8251,3.4043,5,Autumn,Level 1,Banned,0.268,Vaccination
21/05/28,South Africa,1654551,22.9375,-30.5595,1551520,56293,93.7729,3.4023,5,Autumn,Level 1,Banned,0.276,Vaccination
21/05/29,South Africa,1659070,22.9375,-30.5595,1554184,56363,93.678,3.3973,5,Autumn,Level 1,Banned,0.272,Vaccination
21/05/30,South Africa,1659070,22.9375,-30.5595,1554184,56363,93.678,3.3973,5,Autumn,Level 1,Banned,0.0,Vaccination
21/05/31,South Africa,1665617,22.9375,-30.5595,1559337,56506,93.6192,3.3925,5,Autumn,Level 2,Banned,0.393,Vaccination
21/06/01,South Africa,1669231,22.9375,-30.5595,1563719,56601,93.679,3.3908,6,Winter,Level 2,Allowed,0.217,Vaccination
21/06/02,South Africa,1675013,22.9375,-30.5595,1565684,56711,93.4729,3.3857,6,Winter,Level 2,Allowed,0.345,Vaccination
21/06/03,South Africa,1680373,22.9375,-30.5595,1567635,56765,93.2909,3.3781,6,Winter,Level 2,Allowed,0.319,Vaccination
21/06/04,South Africa,1686041,22.9375,-30.5595,1570975,56832,93.1754,3.3707,6,Winter,Level 2,Allowed,0.336,Vaccination
21/06/05,South Africa,1691491,22.9375,-30.5595,1574223,56929,93.0672,3.3656,6,Winter,Level 2,Allowed,0.322,Vaccination
21/06/06,South Africa,1696564,22.9375,-30.5595,1578033,56974,93.0135,3.3582,6,Winter,Level 2,Allowed,0.299,Vaccination
21/06/07,South Africa,1699849,22.9375,-30.5595,1581540,57063,93.04,3.3569,6,Winter,Level 2,Allowed,0.193,Vaccination
21/06/08,South Africa,1704058,22.9375,-30.5595,1587015,57183,93.1315,3.3557,6,Winter,Level 2,Allowed,0.247,Vaccination
21/06/09,South Africa,1712939,22.9375,-30.5595,1589501,57310,92.7938,3.3457,6,Winter,Level 2,Allowed,0.518,Vaccination
21/06/10,South Africa,1722086,22.9375,-30.5595,1593059,57410,92.5075,3.3337,6,Winter,Level 2,Allowed,0.531,Vaccination
21/06/11,South Africa,1730106,22.9375,-30.5595,1598293,57592,92.3812,3.3288,6,Winter,Level 2,Allowed,0.464,Vaccination
21/06/12,South Africa,1739425,22.9375,-30.5595,1602406,57706,92.1227,3.3175,6,Winter,Level 2,Allowed,0.536,Vaccination
21/06/13,South Africa,1747082,22.9375,-30.5595,1606581,57765,91.958,3.3064,6,Winter,Level 2,Allowed,0.438,Vaccination
21/06/14,South Africa,1752630,22.9375,-30.5595,1611447,57879,91.9445,3.3024,6,Winter,Level 2,Allowed,0.317,Vaccination
21/06/15,South Africa,1761066,22.9375,-30.5595,1616405,58087,91.7856,3.2984,6,Winter,Level 2,Allowed,0.479,Vaccination
21/06/16,South Africa,1774312,22.9375,-30.5595,1620317,58223,91.3209,3.2814,6,Winter,Level 3,Allowed,0.747,Vaccination
21/06/17,South Africa,1786079,22.9375,-30.5595,1623319,58323,90.8873,3.2654,6,Winter,Level 3,Allowed,0.659,Vaccination
21/06/18,South Africa,1796589,22.9375,-30.5595,1632182,58441,90.8489,3.2529,6,Winter,Level 3,Allowed,0.585,Vaccination
21/06/19,South Africa,1810164,22.9375,-30.5595,1640849,58590,90.6464,3.2367,6,Winter,Level 3,Allowed,0.75,Vaccination
21/06/20,South Africa,1823319,22.9375,-30.5595,1647503,58702,90.3574,3.2195,6,Winter,Level 3,Allowed,0.721,Vaccination
21/06/21,South Africa,1832479,22.9375,-30.5595,1656680,58795,90.4065,3.2085,6,Winter,Level 3,Allowed,0.5,Vaccination
21/06/22,South Africa,1843572,22.9375,-30.5595,1665540,59092,90.3431,3.2053,6,Winter,Level 3,Allowed,0.602,Vaccination
21/06/23,South Africa,1861065,22.9375,-30.5595,1671391,59258,89.8083,3.1841,6,Winter,Level 3,Allowed,0.94,Vaccination
21/06/24,South Africa,1877143,22.9375,-30.5595,1675827,59406,89.2754,3.1647,6,Winter,Level 3,Allowed,0.857,Vaccination
21/06/25,South Africa,1895905,22.9375,-30.5595,1690380,59621,89.1595,3.1447,6,Winter,Level 3,Allowed,0.99,Vaccination
21/06/26,South Africa,1913861,22.9375,-30.5595,1702070,59778,88.9338,3.1234,6,Winter,Level 3,Allowed,0.938,Vaccination
21/06/27,South Africa,1928897,22.9375,-30.5595,1709999,59900,88.6516,3.1054,6,Winter,Level 3,Allowed,0.78,Vaccination
21/06/28,South Africa,1941119,22.9375,-30.5595,1723882,60038,88.8087,3.093,6,Winter,Level 4,Banned,0.63,Vaccination
21/06/29,South Africa,1954466,22.9375,-30.5595,1739976,60264,89.0256,3.0834,6,Winter,Level 4,Banned,0.6829999999999999,Vaccination
21/06/30,South Africa,1973972,22.9375,-30.5595,1748042,60647,88.5545,3.0723,6,Winter,Level 4,Banned,0.988,Vaccination
21/07/01,South Africa,1995556,22.9375,-30.5595,1754793,61029,87.935,3.0582,7,Winter,Level 4,Banned,1.082,Vaccination
21/07/02,South Africa,2019826,22.9375,-30.5595,1773930,61332,87.8259,3.0365,7,Winter,Level 4,Banned,1.202,Vaccination
21/07/03,South Africa,2046311,22.9375,-30.5595,1792361,61507,87.5899,3.0058,7,Winter,Level 4,Banned,1.294,Vaccination
21/07/04,South Africa,2062896,22.9375,-30.5595,1808082,61840,87.6478,2.9977,7,Winter,Level 4,Banned,0.804,Vaccination
21/07/05,South Africa,2075409,22.9375,-30.5595,1827821,62171,88.0704,2.9956,7,Winter,Level 4,Banned,0.603,Vaccination
21/07/06,South Africa,2090909,22.9375,-30.5595,1845038,62628,88.241,2.9953,7,Winter,Level 4,Banned,0.741,Vaccination
21/07/07,South Africa,2112336,22.9375,-30.5595,1853804,63039,87.7608,2.9843,7,Winter,Level 4,Banned,1.014,Vaccination
21/07/08,South Africa,2135246,22.9375,-30.5595,1862900,63499,87.2452,2.9738,7,Winter,Level 4,Banned,1.073,Vaccination
21/07/09,South Africa,2157687,22.9375,-30.5595,1884170,63873,87.3236,2.9603,7,Winter,Level 4,Banned,1.04,Vaccination
21/07/10,South Africa,2179297,22.9375,-30.5595,1904107,64138,87.3725,2.9431,7,Winter,Level 4,Banned,0.992,Vaccination
21/07/11,South Africa,2195599,22.9375,-30.5595,1922601,64289,87.5661,2.9281,7,Winter,Level 4,Banned,0.742,Vaccination
21/07/12,South Africa,2206781,22.9375,-30.5595,1943513,64509,88.07,2.9232,7,Winter,Level 4,Banned,0.507,Vaccination
21/07/13,South Africa,2219316,22.9375,-30.5595,1961448,65142,88.3807,2.9352,7,Winter,Level 4,Banned,0.565,Vaccination
21/07/14,South Africa,2236805,22.9375,-30.5595,1970516,65595,88.0951,2.9325,7,Winter,Level 4,Banned,0.782,Vaccination
21/07/15,South Africa,2253240,22.9375,-30.5595,1982122,65972,87.9676,2.9279,7,Winter,Level 4,Banned,0.7290000000000001,Vaccination
21/07/16,South Africa,2269179,22.9375,-30.5595,2009456,66385,88.5543,2.9255,7,Winter,Level 4,Banned,0.7020000000000001,Vaccination
21/07/17,South Africa,2283880,22.9375,-30.5595,2028881,66676,88.8348,2.9194,7,Winter,Level 4,Banned,0.644,Vaccination
21/07/18,South Africa,2295095,22.9375,-30.5595,2050164,66859,89.3281,2.9131,7,Winter,Level 4,Banned,0.489,Vaccination
21/07/19,South Africa,2302304,22.9375,-30.5595,2069085,67080,89.8702,2.9136,7,Winter,Level 4,Banned,0.313,Vaccination
21/07/20,South Africa,2311232,22.9375,-30.5595,2085119,67676,90.2168,2.9281,7,Winter,Level 4,Banned,0.386,Vaccination
21/07/21,South Africa,2327472,22.9375,-30.5595,2098818,68192,90.1759,2.9299,7,Winter,Level 4,Banned,0.698,Vaccination
21/07/22,South Africa,2342330,22.9375,-30.5595,2109820,68625,90.0736,2.9298,7,Winter,Level 4,Banned,0.634,Vaccination
21/07/23,South Africa,2356049,22.9375,-30.5595,2133196,69075,90.5412,2.9318,7,Winter,Level 4,Banned,0.5820000000000001,Vaccination
21/07/24,South Africa,2368105,22.9375,-30.5595,2147168,69488,90.6703,2.9343,7,Winter,Level 4,Banned,0.509,Vaccination
21/07/25,South Africa,2377823,22.9375,-30.5595,2158183,69775,90.763,2.9344,7,Winter,Level 4,Banned,0.409,Vaccination
21/07/26,South Africa,2383490,22.9375,-30.5595,2169452,70018,91.02,2.9376,7,Winter,Level 3,Banned,0.238,Vaccination
21/07/27,South Africa,2391223,22.9375,-30.5595,2180494,70338,91.1874,2.9415,7,Winter,Level 3,Banned,0.32299999999999995,Vaccination
21/07/28,South Africa,2408525,22.9375,-30.5595,2180494,70908,90.5323,2.944,7,Winter,Level 3,Banned,0.718,Vaccination
21/07/29,South Africa,2422151,22.9375,-30.5595,2194762,71431,90.6121,2.9491,7,Winter,Level 3,Banned,0.563,Vaccination
21/07/30,South Africa,2435036,22.9375,-30.5595,2207960,71679,90.6746,2.9437,7,Winter,Level 3,Banned,0.529,Vaccination
21/07/31,South Africa,2447454,22.9375,-30.5595,2222338,72013,90.802,2.9424,7,Winter,Level 3,Banned,0.507,Vaccination
21/08/01,South Africa,2456184,22.9375,-30.5595,2230871,72191,90.8267,2.9392,8,Winter,Level 3,Banned,0.355,Vaccination
21/08/02,South Africa,2461758,22.9375,-30.5595,2238388,72437,90.9264,2.9425,8,Winter,Level 3,Banned,0.226,Vaccination
21/08/03,South Africa,2470746,22.9375,-30.5595,2250708,72992,91.0943,2.9542,8,Winter,Level 3,Banned,0.364,Vaccination
21/08/04,South Africa,2484009,22.9375,-30.5595,2258603,73415,90.9257,2.9555,8,Winter,Level 3,Banned,0.534,Vaccination
21/08/05,South Africa,2497655,22.9375,-30.5595,0,73873,0.0,2.9577,8,Winter,Level 3,Banned,0.546,Vaccination
21/08/06,South Africa,2511178,22.9375,-30.5595,0,74352,0.0,2.9608,8,Winter,Level 3,Banned,0.539,Vaccination
21/08/07,South Africa,2523488,22.9375,-30.5595,0,74623,0.0,2.9571,8,Winter,Level 3,Banned,0.488,Vaccination
21/08/08,South Africa,2533466,22.9375,-30.5595,0,74813,0.0,2.9530000000000003,8,Winter,Level 3,Banned,0.394,Vaccination
21/08/09,South Africa,2540222,22.9375,-30.5595,0,75012,0.0,2.9530000000000003,8,Winter,Level 3,Banned,0.266,Vaccination
21/08/10,South Africa,2546762,22.9375,-30.5595,0,75201,0.0,2.9528,8,Winter,Level 3,Banned,0.257,Vaccination
21/08/11,South Africa,2554240,22.9375,-30.5595,0,75774,0.0,2.9666,8,Winter,Level 3,Banned,0.293,Vaccination
21/08/12,South Africa,2568511,22.9375,-30.5595,0,76247,0.0,2.9685,8,Winter,Level 3,Banned,0.556,Vaccination
21/08/13,South Africa,2582427,22.9375,-30.5595,0,76631,0.0,2.9674,8,Winter,Level 3,Banned,0.539,Vaccination
21/08/14,South Africa,2595447,22.9375,-30.5595,0,76869,0.0,2.9617,8,Winter,Level 3,Banned,0.502,Vaccination
21/08/15,South Africa,2605586,22.9375,-30.5595,0,77141,0.0,2.9606,8,Winter,Level 3,Banned,0.389,Vaccination
21/08/16,South Africa,2613569,22.9375,-30.5595,0,77440,0.0,2.963,8,Winter,Level 3,Banned,0.305,Vaccination
21/08/17,South Africa,2624254,22.9375,-30.5595,0,77993,0.0,2.972,8,Winter,Level 3,Allowed,0.407,Vaccination
21/08/18,South Africa,2638981,22.9375,-30.5595,0,78377,0.0,2.97,8,Winter,Level 3,Allowed,0.5579999999999999,Vaccination
21/08/19,South Africa,2652652,22.9375,-30.5595,0,78694,0.0,2.9666,8,Winter,Level 3,Allowed,0.515,Vaccination
21/08/20,South Africa,2666964,22.9375,-30.5595,0,78983,0.0,2.9615,8,Winter,Level 3,Allowed,0.537,Vaccination
21/08/21,South Africa,2680225,22.9375,-30.5595,0,79251,0.0,2.9569,8,Winter,Level 3,Allowed,0.495,Vaccination
21/08/22,South Africa,2690973,22.9375,-30.5595,0,79421,0.0,2.9514,8,Winter,Level 3,Allowed,0.399,Vaccination
21/08/23,South Africa,2698605,22.9375,-30.5595,0,79584,0.0,2.9491,8,Winter,Level 3,Allowed,0.28300000000000003,Vaccination
21/08/24,South Africa,2708951,22.9375,-30.5595,0,79953,0.0,2.9514,8,Winter,Level 3,Allowed,0.382,Vaccination
21/08/25,South Africa,2722202,22.9375,-30.5595,0,80469,0.0,2.9560000000000004,8,Winter,Level 3,Allowed,0.487,Vaccination
21/08/26,South Africa,2734973,22.9375,-30.5595,0,80826,0.0,2.9553,8,Winter,Level 3,Allowed,0.467,Vaccination
21/08/27,South Africa,2747018,22.9375,-30.5595,0,81187,0.0,2.9555,8,Winter,Level 3,Allowed,0.438,Vaccination
21/08/28,South Africa,2757191,22.9375,-30.5595,0,81461,0.0,2.9545,8,Winter,Level 3,Allowed,0.369,Vaccination
21/08/29,South Africa,2764931,22.9375,-30.5595,0,81595,0.0,2.9511,8,Winter,Level 3,Allowed,0.28,Vaccination
21/08/30,South Africa,2770575,22.9375,-30.5595,0,81830,0.0,2.9535,8,Winter,Level 3,Allowed,0.204,Vaccination
21/08/31,South Africa,2777659,22.9375,-30.5595,0,82261,0.0,2.9615,8,Winter,Level 3,Allowed,0.255,Vaccination
21/09/01,South Africa,2787203,22.9375,-30.5595,0,82496,0.0,2.9598,9,Spring,Level 3,Allowed,0.342,Vaccination
21/09/02,South Africa,2796405,22.9375,-30.5595,0,82914,0.0,2.965,9,Spring,Level 3,Allowed,0.329,Vaccination
21/09/03,South Africa,2805604,22.9375,-30.5595,0,83161,0.0,2.9641,9,Spring,Level 3,Allowed,0.328,Vaccination
21/09/04,South Africa,2814014,22.9375,-30.5595,0,83343,0.0,2.9617,9,Spring,Level 3,Allowed,0.299,Vaccination
21/09/05,South Africa,2819945,22.9375,-30.5595,0,83419,0.0,2.9582,9,Spring,Level 3,Allowed,0.21,Vaccination
21/09/06,South Africa,2824063,22.9375,-30.5595,0,83617,0.0,2.9609,9,Spring,Level 3,Allowed,0.146,Vaccination
